{
    "src_folders": ["tests"],
    "output_folder": "./tests/reports",
    "custom_commands_path": "",
    "custom_assertions_path": "",
    "page_objects_path": "",
    "globals_path": "",
    "test_settings": {
        "testdroid_ios": {
            "launch_url": "https://appium.bitbar.com:80/wd/hub",
            "selenium_port": 80,
            "selenium_host": "appium.bitbar.com",
            "screenshots": {
                "enabled": false,
                "path": ""
            },
            "desiredCapabilities": {
                "testdroid_apiKey": "<insert_your_apiKey_to_credentials_file>",
                "testdroid_target": "safari",
                "testdroid_project": "Nightwatch_Example_iOS",
                "testdroid_testrun": "TestRun_iOS",
                "testdroid_device": "Apple iPhone 5 A1429 10.2",
                "platformName": "iOS",
                "deviceName": "iPhone",
                "browserName": "safari",
                "automationName": "XCUITest"
            }
        },
        "testdroid_android": {
            "launch_url": "https://appium.bitbar.com:80/wd/hub",
            "selenium_port": 80,
            "selenium_host": "appium.bitbar.com",
            "screenshots": {
                "enabled": false,
                "path": ""
            },
            "desiredCapabilities": {
                "testdroid_apiKey": "<insert_your_apiKey_to_credentials_file>",
                "testdroid_target": "chrome",
                "testdroid_project": "Nightwatch_Example_Android",
                "testdroid_testrun": "TestRun_Android",
                "testdroid_device": "LG Google Nexus 5 6.0.1 -US",
                "deviceName": "LG Google Nexus 5 6.0.1 -US",
                "platformName": "Android",
                "browserName": "chrome"
            }
        },
        "testdroid_ios_server_side": {
            "launch_url": "http://localhost:4723/wd/hub",
            "selenium_port": 4723,
            "selenium_host": "localhost",
            "screenshots": {
                "enabled": false,
                "path": ""
            },
            "desiredCapabilities": {
                "newCommandTimeout":"120",
                "autoAcceptAlerts": "true",
                "platformName": "iOS",
                "browserName": "safari",
                "deviceName": "iPhone",
                "automationName": "XCUITest"
            }
        },
        "testdroid_android_server_side": {
            "launch_url": "http://localhost:4723/wd/hub",
            "selenium_port": 4723,
            "selenium_host": "localhost",
            "screenshots": {
                "enabled": false,
                "path": ""
            },
            "desiredCapabilities": {
                "platformName": "Android",
                "browserName": "chrome",
                "deviceName": "Android Phone"
            }
        }
    }
}
